datetime,epa_pm25,date,temperature,humidity,pm25_cf_1,pm25_cf_1_b,pm25_cf_1_a,year,month,R2,calibrated,PearsonR
2022-05-17 03:00:00,13.0,2022-05-16 22:30:19.933333248,69.7,100.0,12.586,11.946666666666664,13.225333333333332,2022,5,0.9792375786386917,7.8511888828,0.7869139483527834
2022-05-17 04:00:00,12.8,2022-05-16 23:30:21.100000000,68.53333333333333,100.0,16.105833333333333,15.043,17.168666666666663,2022,5,0.9792375786386917,9.96795246784722,0.7869139483527834
2022-05-17 05:00:00,12.4,2022-05-17 00:30:22.066666752,69.16666666666667,100.0,14.646833333333335,13.712666666666667,15.581,2022,5,0.9792375786386917,9.089137276313888,0.7869139483527834
2022-05-17 06:00:00,11.8,2022-05-17 01:30:22.933333248,69.26666666666667,100.0,13.059500000000002,12.229333333333331,13.889666666666669,2022,5,0.9792375786386917,8.143420366825001,0.7869139483527834
2022-05-17 07:00:00,10.9,2022-05-17 02:30:23.266666752,68.76666666666667,100.0,11.34,10.498666666666669,12.181333333333331,2022,5,0.9792375786386917,7.129214479999999,0.7869139483527834
2022-05-17 08:00:00,10.4,2022-05-17 03:30:24.100000000,68.03333333333333,100.0,10.020666666666669,9.359666666666667,10.681666666666668,2022,5,0.9792375786386917,6.35641370768889,0.7869139483527834
2022-05-17 09:00:00,10.6,2022-05-17 04:30:24.933333504,68.63333333333334,100.0,8.1015,7.815666666666667,8.387333333333334,2022,5,0.9792375786386917,5.188907553425,0.7869139483527834
2022-05-17 10:00:00,10.7,2022-05-17 05:30:26.000000000,68.1,100.0,7.757833333333333,7.404333333333333,8.111333333333333,2022,5,0.9792375786386917,4.994291110380556,0.7869139483527834
2022-05-17 11:00:00,10.9,2022-05-17 06:30:26.700000000,67.8,100.0,10.050333333333333,9.333,10.767666666666663,2022,5,0.9792375786386917,6.379663629922221,0.7869139483527834
2022-05-17 12:00:00,10.0,2022-05-17 07:30:27.033333248,67.3,100.0,7.984833333333333,7.512333333333333,8.457333333333333,2022,5,0.9792375786386917,5.149821770647223,0.7869139483527834
2022-05-17 13:00:00,8.6,2022-05-17 08:30:27.933333248,66.2,100.0,3.8605,3.7363333333333335,3.984666666666667,2022,5,0.9792375786386917,2.678615032825,0.7869139483527834
2022-05-17 14:00:00,7.4,2022-05-17 09:30:28.933333248,65.7,100.0,2.817333333333333,2.732,2.9026666666666667,2022,5,0.9792375786386917,2.0549894830222213,0.7869139483527834
2022-05-17 15:00:00,7.5,2022-05-17 10:30:29.933333504,65.9,100.0,2.062666666666667,2.0763333333333334,2.049,2022,5,0.9792375786386917,1.5897409443555557,0.7869139483527834
2022-05-17 16:00:00,6.8,2022-05-17 11:30:30.233333248,67.43333333333334,100.0,2.2065,2.2036666666666664,2.2093333333333334,2022,5,0.9792375786386917,1.641703065424999,0.7869139483527834
2022-05-17 17:00:00,7.5,2022-05-17 12:30:30.966666496,68.93333333333334,99.73333333333332,2.180333333333333,2.3223333333333334,2.038333333333333,2022,5,0.9792375786386917,1.601798005922224,0.7869139483527834
2022-05-17 18:00:00,7.9,2022-05-17 13:30:31.933333248,71.06666666666666,90.36666666666666,2.4225,2.594666666666667,2.2503333333333333,2022,5,0.9792375786386917,2.092181187291668,0.7869139483527834
2022-05-17 19:00:00,8.9,2022-05-17 14:30:33.033333504,72.23333333333333,85.0,2.466,2.741,2.1910000000000003,2022,5,0.9792375786386917,2.3162920508,0.7869139483527834
2022-05-17 20:00:00,9.5,2022-05-17 15:30:33.533333248,72.56666666666666,83.63333333333334,3.2261666666666664,3.496,2.9563333333333333,2022,5,0.9792375786386917,2.829248372380555,0.7869139483527834
2022-05-17 21:00:00,9.4,2022-05-17 16:30:34.866666752,73.63333333333334,81.86666666666666,3.337166666666667,3.823,2.8513333333333337,2022,5,0.9792375786386917,2.94592354471389,0.7869139483527834
2022-05-17 22:00:00,10.0,2022-05-17 17:30:35.500000000,74.46666666666667,80.83333333333333,3.727,3.995666666666666,3.458333333333333,2022,5,0.9792375786386917,3.207037133033334,0.7869139483527834
2022-05-17 23:00:00,9.9,2022-05-17 18:30:36.066666752,74.1,80.36666666666666,4.195833333333334,4.475666666666667,3.916,2022,5,0.9792375786386917,3.52029802951389,0.7869139483527834
2022-05-18 00:00:00,9.7,2022-05-17 19:30:36.966666752,73.73333333333333,83.2,4.849,4.973,4.725,2022,5,0.9792375786386917,3.8068808293,0.7869139483527834
2022-05-18 01:00:00,9.4,2022-05-17 20:30:38.033333504,72.73333333333333,88.13333333333334,5.698166666666666,5.948333333333333,5.448,2022,5,0.9792375786386917,4.138446825980557,0.7869139483527834
2022-05-18 02:00:00,9.6,2022-05-17 21:30:38.933333248,69.9,98.96666666666668,5.438999999999999,5.441333333333334,5.4366666666666665,2022,5,0.9792375786386917,3.5937974519666662,0.7869139483527834
2022-05-18 03:00:00,9.6,2022-05-17 22:30:39.766666752,68.73333333333333,100.0,6.1785,6.189666666666667,6.167333333333334,2022,5,0.9792375786386917,4.025625531425001,0.7869139483527834
2022-05-18 04:00:00,9.9,2022-05-17 23:30:40.000000000,67.83333333333333,100.0,5.861833333333333,5.831666666666666,5.892,2022,5,0.9792375786386917,3.855012971980554,0.7869139483527834
2022-05-18 05:00:00,10.2,2022-05-18 00:30:40.933333504,68.03333333333333,100.0,6.250666666666667,6.191999999999999,6.309333333333333,2022,5,0.9792375786386917,4.085667056355557,0.7869139483527834
2022-05-18 06:00:00,10.8,2022-05-18 01:30:41.900000000,67.86666666666666,100.0,6.601333333333333,6.477666666666667,6.725,2022,5,0.9792375786386917,4.301619958755555,0.7869139483527834
2022-05-18 07:00:00,11.5,2022-05-18 02:30:42.066666496,68.0,100.0,7.139833333333333,6.852,7.427666666666666,2022,5,0.9792375786386917,4.623803060980554,0.7869139483527834
2022-05-18 08:00:00,11.9,2022-05-18 03:30:42.933333504,67.9,100.0,7.622,7.329666666666666,7.914333333333333,2022,5,0.9792375786386917,4.9170712012,0.7869139483527834
2022-05-18 09:00:00,12.7,2022-05-18 04:30:43.933333248,67.03333333333333,100.0,8.193999999999999,7.860333333333333,8.527666666666667,2022,5,0.9792375786386917,5.2820605948,0.7869139483527834
2022-05-18 10:00:00,12.9,2022-05-18 05:30:44.966666752,66.8,100.0,8.965833333333334,8.526,9.405666666666669,2022,5,0.9792375786386917,5.751931257847223,0.7869139483527834
2022-05-18 11:00:00,13.3,2022-05-18 06:30:45.033333248,66.9,100.0,8.768,8.356666666666666,9.179333333333334,2022,5,0.9792375786386917,5.6306348032,0.7869139483527834
2022-05-18 12:00:00,12.4,2022-05-18 07:30:45.933333504,66.83333333333333,100.0,10.070166666666667,9.777666666666669,10.362666666666666,2022,5,0.9792375786386917,6.414176205313887,0.7869139483527834
2022-05-18 13:00:00,13.7,2022-05-18 08:30:46.933333248,66.23333333333333,100.0,10.1305,9.542,10.719,2022,5,0.9792375786386917,6.464390233824999,0.7869139483527834
2022-05-18 14:00:00,16.3,2022-05-18 09:30:47.900000000,66.53333333333333,100.0,12.963666666666668,12.416333333333334,13.511,2022,5,0.9792375786386917,8.15031221258889,0.7869139483527834
2022-05-18 15:00:00,14.0,2022-05-18 10:30:48.000000000,68.36666666666666,100.0,16.198166666666665,15.761666666666668,16.634666666666668,2022,5,0.9792375786386917,10.02643044264722,0.7869139483527834
2022-05-18 16:00:00,13.8,2022-05-18 11:30:48.933333504,69.56666666666666,99.96666666666668,10.975833333333332,10.584666666666667,11.367,2022,5,0.9792375786386917,6.8940870995138885,0.7869139483527834
2022-05-18 17:00:00,12.8,2022-05-18 12:30:49.933333248,71.56666666666666,96.16666666666669,10.935333333333334,10.970333333333334,10.900333333333332,2022,5,0.9792375786386917,6.9822730260888894,0.7869139483527834
2022-05-18 18:00:00,12.2,2022-05-18 13:30:50.900000000,75.06666666666666,83.06666666666666,9.891166666666669,10.170666666666667,9.611666666666668,2022,5,0.9792375786386917,6.823669937047223,0.7869139483527834
2022-05-18 19:00:00,10.6,2022-05-18 14:30:51.700000000,75.0,82.7,9.5475,10.006666666666666,9.088333333333331,2022,5,0.9792375786386917,6.634357895624998,0.7869139483527834
2022-05-18 20:00:00,10.2,2022-05-18 15:30:52.033333504,75.26666666666667,83.6,6.791333333333333,7.063,6.519666666666667,2022,5,0.9792375786386917,4.930443634088888,0.7869139483527834
2022-05-18 21:00:00,9.5,2022-05-18 16:30:52.933333248,75.43333333333334,81.3,6.482,6.876333333333333,6.087666666666666,2022,5,0.9792375786386917,4.835946793200001,0.7869139483527834
2022-05-18 22:00:00,9.5,2022-05-18 17:30:53.933333504,75.4,81.4,6.001666666666667,6.514666666666667,5.488666666666666,2022,5,0.9792375786386917,4.541948848055556,0.7869139483527834
2022-05-18 23:00:00,9.7,2022-05-18 18:30:54.466666752,73.43333333333334,84.4,6.1146666666666665,6.423333333333333,5.806,2022,5,0.9792375786386917,4.530659676088888,0.7869139483527834
2022-05-19 00:00:00,10.5,2022-05-18 19:30:55.466666752,72.9,89.73333333333333,5.886333333333334,6.269333333333334,5.503333333333333,2022,5,0.9792375786386917,4.181460719255556,0.7869139483527834
2022-05-19 01:00:00,12.4,2022-05-18 20:30:56.000000000,70.53333333333333,98.0,6.763999999999999,7.046,6.482,2022,5,0.9792375786386917,4.421328252800001,0.7869139483527834
2022-05-19 02:00:00,12.0,2022-05-18 21:30:56.966666752,69.5,100.0,7.616166666666667,7.848666666666667,7.383666666666667,2022,5,0.9792375786386917,4.876113448713888,0.7869139483527834
2022-05-19 03:00:00,12.2,2022-05-18 22:30:57.933333248,68.13333333333334,100.0,8.259666666666666,7.987,8.532333333333334,2022,5,0.9792375786386917,5.295864564588888,0.7869139483527834
2022-05-19 04:00:00,12.7,2022-05-18 23:30:58.900000000,67.83333333333333,100.0,8.634166666666665,8.258000000000001,9.010333333333334,2022,5,0.9792375786386917,5.528290241180554,0.7869139483527834
2022-05-19 05:00:00,12.5,2022-05-19 00:29:59.896551936,67.55172413793103,100.0,8.924655172413793,8.54103448275862,9.308275862068966,2022,5,0.9792375786386917,5.709585152071937,0.7869139483527834
2022-05-19 06:00:00,13.0,2022-05-19 01:29:00.300000000,66.96666666666667,100.0,9.1245,8.593666666666667,9.655333333333337,2022,5,0.9792375786386917,5.843397344824999,0.7869139483527834
2022-05-19 07:00:00,14.8,2022-05-19 02:29:01.133333248,66.4,100.0,9.7055,9.110333333333331,10.300666666666666,2022,5,0.9792375786386917,6.205564693825001,0.7869139483527834
2022-05-19 08:00:00,15.9,2022-05-19 03:29:01.900000000,67.2,100.0,10.845333333333334,10.212333333333332,11.478333333333332,2022,5,0.9792375786386917,6.869974641422222,0.7869139483527834
2022-05-19 09:00:00,16.4,2022-05-19 04:29:03.033333248,67.8,100.0,12.621166666666666,11.847333333333331,13.395,2022,5,0.9792375786386917,7.916610501380556,0.7869139483527834
2022-05-19 10:00:00,17.2,2022-05-19 05:29:03.033333248,68.26666666666667,100.0,14.943,14.210666666666668,15.675333333333333,2022,5,0.9792375786386917,9.2858232557,0.7869139483527834
2022-05-19 11:00:00,17.1,2022-05-19 06:29:04.200000000,67.73333333333333,100.0,16.354333333333333,15.919666666666668,16.789,2022,5,0.9792375786386917,10.133532956855555,0.7869139483527834
2022-05-19 12:00:00,15.9,2022-05-19 07:29:04.866666752,67.66666666666667,100.0,16.720000000000002,15.834,17.605999999999998,2022,5,0.9792375786386917,10.35104032,0.7869139483527834
2022-05-19 13:00:00,16.2,2022-05-19 08:29:05.433333248,67.2,100.0,15.028833333333331,14.399333333333336,15.658333333333331,2022,5,0.9792375786386917,9.361659223047225,0.7869139483527834
2022-05-19 14:00:00,18.7,2022-05-19 09:29:06.366666496,67.03333333333333,100.0,16.961333333333336,16.232,17.69066666666667,2022,5,0.9792375786386917,10.508279100088888,0.7869139483527834
2022-05-19 15:00:00,22.6,2022-05-19 10:29:06.900000000,67.7,100.0,19.80366666666667,18.62833333333333,20.979,2022,5,0.9792375786386917,12.163898620588888,0.7869139483527834
2022-05-19 16:00:00,24.3,2022-05-19 11:29:08.866666752,69.1,100.0,26.808666666666667,25.83333333333333,27.784,2022,5,0.9792375786386917,16.20161359408889,0.7869139483527834
2022-05-19 17:00:00,22.9,2022-05-19 12:29:09.333333248,69.26666666666667,99.93333333333334,29.550833333333333,28.94233333333333,30.159333333333333,2022,5,0.9792375786386917,17.775219032847218,0.7869139483527834
2022-05-19 18:00:00,19.4,2022-05-19 13:30:09.206896640,72.48275862068965,95.41379310344828,26.064137931034484,25.646896551724137,26.481379310344828,2022,5,0.9792375786386917,15.885250106634956,0.7869139483527834
2022-05-19 19:00:00,11.8,2022-05-19 14:29:10.033333504,75.7,84.53333333333333,18.550833333333333,18.785,18.316666666666663,2022,5,0.9792375786386917,11.889511866180555,0.7869139483527834
2022-05-19 20:00:00,13.2,2022-05-19 15:29:10.900000000,75.06666666666666,86.6,9.015,9.621333333333332,8.408666666666667,2022,5,0.9792375786386917,6.1495064925000005,0.7869139483527834
2022-05-19 21:00:00,12.0,2022-05-19 16:29:11.066666496,72.9,96.1,7.637666666666666,8.131666666666666,7.143666666666666,2022,5,0.9792375786386917,4.972928643522223,0.7869139483527834
2022-05-19 22:00:00,13.1,2022-05-19 17:29:11.966666752,71.83333333333333,98.56666666666666,7.104,7.648,6.5600000000000005,2022,5,0.9792375786386917,4.5725257354666695,0.7869139483527834
2022-05-19 23:00:00,12.4,2022-05-19 18:29:13.000000000,71.4,99.76666666666668,7.022333333333333,7.458666666666667,6.586,2022,5,0.9792375786386917,4.4830736408555545,0.7869139483527834
2022-05-20 00:00:00,13.2,2022-05-19 19:29:14.066666496,69.86666666666666,100.0,7.141333333333334,7.574333333333333,6.708333333333333,2022,5,0.9792375786386917,4.581028630755555,0.7869139483527834
2022-05-20 01:00:00,15.1,2022-05-19 20:29:14.433333504,69.6,100.0,9.325833333333332,9.207,9.444666666666668,2022,5,0.9792375786386917,5.90273735784722,0.7869139483527834
2022-05-20 02:00:00,13.6,2022-05-19 21:29:14.966666752,68.03333333333333,100.0,12.0075,11.583666666666666,12.431333333333331,2022,5,0.9792375786386917,7.545116785624999,0.7869139483527834
2022-05-20 03:00:00,14.2,2022-05-19 22:29:15.900000000,67.93333333333334,100.0,11.666833333333331,11.198333333333332,12.135333333333334,2022,5,0.9792375786386917,7.344031784980552,0.7869139483527834
2022-05-20 04:00:00,12.1,2022-05-19 23:29:16.933333248,67.76666666666667,100.0,11.849833333333333,11.209333333333332,12.490333333333332,2022,5,0.9792375786386917,7.457228229980555,0.7869139483527834
2022-05-20 05:00:00,12.3,2022-05-20 00:29:17.233333248,67.53333333333333,100.0,9.705833333333334,9.100666666666664,10.311,2022,5,0.9792375786386917,6.1792447345138894,0.7869139483527834
2022-05-20 06:00:00,12.3,2022-05-20 01:29:18.000000000,67.8,100.0,10.459499999999998,9.654,11.265,2022,5,0.9792375786386917,6.624898946824998,0.7869139483527834
2022-05-20 07:00:00,10.4,2022-05-20 02:29:18.900000000,67.46666666666667,100.0,9.542666666666667,8.938666666666668,10.146666666666668,2022,5,0.9792375786386917,6.082866219022223,0.7869139483527834
2022-05-20 08:00:00,9.4,2022-05-20 03:29:19.900000000,66.1,100.0,7.902333333333333,7.207,8.597666666666667,2022,5,0.9792375786386917,5.128188179522222,0.7869139483527834
2022-05-20 09:00:00,8.8,2022-05-20 04:29:20.500000000,66.4,100.0,6.326333333333333,5.848333333333333,6.804333333333333,2022,5,0.9792375786386917,4.1696582845888885,0.7869139483527834
2022-05-20 10:00:00,8.8,2022-05-20 05:29:20.966666752,66.23333333333333,100.0,6.493166666666666,5.706,7.280333333333333,2022,5,0.9792375786386917,4.274448465647223,0.7869139483527834
2022-05-20 11:00:00,8.6,2022-05-20 06:29:22.000000000,65.0,100.0,6.951833333333334,5.922333333333333,7.981333333333334,2022,5,0.9792375786386917,4.580480044313888,0.7869139483527834
2022-05-20 12:00:00,7.6,2022-05-20 07:29:22.866666752,64.96666666666667,100.0,5.951833333333334,5.253,6.650666666666667,2022,5,0.9792375786386917,3.976582610980557,0.7869139483527834
2022-05-20 13:00:00,7.0,2022-05-20 08:29:23.033333248,64.56666666666666,100.0,5.477666666666666,4.73,6.225333333333333,2022,5,0.9792375786386917,3.698735427522221,0.7869139483527834
2022-05-20 14:00:00,6.8,2022-05-20 09:29:23.900000000,65.13333333333334,100.0,5.964166666666667,5.113333333333333,6.815,2022,5,0.9792375786386917,3.980148826180556,0.7869139483527834
2022-05-20 15:00:00,7.8,2022-05-20 10:29:24.900000000,65.73333333333333,100.0,5.267833333333333,4.556333333333333,5.979333333333333,2022,5,0.9792375786386917,3.544236947380555,0.7869139483527834
2022-05-20 16:00:00,8.2,2022-05-20 11:29:25.866666752,66.76666666666667,100.0,6.533,5.635000000000001,7.431,2022,5,0.9792375786386917,4.2860513677,0.7869139483527834
2022-05-20 17:00:00,8.2,2022-05-20 12:29:26.433333248,69.16666666666667,100.0,6.4255,5.959333333333333,6.891666666666667,2022,5,0.9792375786386917,4.164892669824998,0.7869139483527834
2022-05-20 18:00:00,7.5,2022-05-20 13:29:27.066666496,70.66666666666667,100.0,5.4751666666666665,5.346,5.604333333333333,2022,5,0.9792375786386917,3.554480319980556,0.7869139483527834
2022-05-20 19:00:00,6.9,2022-05-20 14:29:27.900000000,71.73333333333333,99.73333333333332,4.717833333333333,4.7330000000000005,4.702666666666667,2022,5,0.9792375786386917,3.0813142623805563,0.7869139483527834
2022-05-20 20:00:00,6.1,2022-05-20 15:29:28.900000000,72.06666666666666,98.6,4.3115,4.4030000000000005,4.220000000000001,2022,5,0.9792375786386917,2.874198342425001,0.7869139483527834
2022-05-20 21:00:00,6.1,2022-05-20 16:29:29.900000000,72.76666666666667,96.3,3.363,3.4433333333333334,3.2826666666666666,2022,5,0.9792375786386917,2.377179891700001,0.7869139483527834
2022-05-20 22:00:00,6.3,2022-05-20 17:29:30.866666752,74.23333333333333,94.5,2.8618333333333337,3.086,2.6376666666666666,2022,5,0.9792375786386917,2.112892671980557,0.7869139483527834
2022-05-20 23:00:00,7.4,2022-05-20 18:29:31.133333248,72.36666666666666,100.0,2.873333333333333,3.030333333333333,2.716333333333333,2022,5,0.9792375786386917,1.9331341688888888,0.7869139483527834
2022-05-21 00:00:00,4.6,2022-05-20 19:30:15.482758656,70.93103448275862,100.0,3.828793103448276,3.8958620689655175,3.761724137931034,2022,5,0.9792375786386917,2.5486206489803798,0.7869139483527834
2022-05-21 01:00:00,4.8,2022-05-20 20:29:33.000000000,69.23333333333333,100.0,1.7008333333333332,1.6283333333333334,1.7733333333333334,2022,5,0.9792375786386917,1.2906334411805558,0.7869139483527834
2022-05-21 02:00:00,4.5,2022-05-20 21:29:33.900000000,66.7,100.0,2.038,1.9196666666666669,2.156333333333333,2022,5,0.9792375786386917,1.5559535691999995,0.7869139483527834
2022-05-21 03:00:00,6.3,2022-05-20 22:29:34.500000000,65.9,100.0,2.4505,2.135,2.766,2022,5,0.9792375786386917,1.826532889825,0.7869139483527834
2022-05-21 04:00:00,9.5,2022-05-20 23:29:35.100000000,66.8,100.0,3.809833333333333,3.385,4.234666666666667,2022,5,0.9792375786386917,2.633752433980555,0.7869139483527834
2022-05-21 05:00:00,13.2,2022-05-21 00:29:36.033333248,66.86666666666666,100.0,5.64,5.053666666666667,6.226333333333333,2022,5,0.9792375786386917,3.74327768,0.7869139483527834
2022-05-21 06:00:00,13.9,2022-05-21 01:29:36.866666752,66.96666666666667,100.0,7.464833333333333,6.715333333333334,8.214333333333334,2022,5,0.9792375786386917,4.844116249313889,0.7869139483527834
2022-05-21 07:00:00,14.7,2022-05-21 02:29:37.033333504,66.76666666666667,100.0,7.369,6.691,8.047,2022,5,0.9792375786386917,4.790977477299998,0.7869139483527834
2022-05-21 08:00:00,12.5,2022-05-21 03:29:37.933333248,66.7,100.0,7.155333333333333,6.546,7.764666666666667,2022,5,0.9792375786386917,4.663580463422222,0.7869139483527834
2022-05-21 09:00:00,11.8,2022-05-21 04:29:38.866666752,67.46666666666667,100.0,5.97,5.617333333333334,6.322666666666667,2022,5,0.9792375786386917,3.929080069999999,0.7869139483527834
2022-05-21 10:00:00,12.7,2022-05-21 05:29:39.033333248,67.96666666666667,100.0,5.563666666666666,5.298,5.8293333333333335,2022,5,0.9792375786386917,3.671289799255555,0.7869139483527834
2022-05-21 11:00:00,15.2,2022-05-21 06:29:39.900000000,67.8,100.0,6.779833333333333,6.240333333333334,7.319333333333334,2022,5,0.9792375786386917,4.411055216980555,0.7869139483527834
2022-05-21 12:00:00,15.8,2022-05-21 07:29:40.900000000,66.6,100.0,7.2385,6.790666666666667,7.686333333333334,2022,5,0.9792375786386917,4.716122717425001,0.7869139483527834
2022-05-21 13:00:00,15.5,2022-05-21 08:29:41.366666496,66.86666666666666,100.0,7.0655,6.640333333333333,7.490666666666667,2022,5,0.9792375786386917,4.605443101825,0.7869139483527834
2022-05-21 14:00:00,12.1,2022-05-21 09:29:41.966666752,67.06666666666666,100.0,7.270833333333333,6.9816666666666665,7.56,2022,5,0.9792375786386917,4.724717612847223,0.7869139483527834
2022-05-21 15:00:00,9.6,2022-05-21 10:29:42.900000000,67.66666666666667,100.0,5.202333333333333,5.04,5.3646666666666665,2022,5,0.9792375786386917,3.4592789995222226,0.7869139483527834
2022-05-21 16:00:00,8.8,2022-05-21 11:29:43.866666752,68.63333333333334,100.0,3.859833333333333,3.728666666666667,3.991,2022,5,0.9792375786386917,2.621269495647221,0.7869139483527834
2022-05-21 17:00:00,6.7,2022-05-21 12:29:44.866666752,69.66666666666667,100.0,3.185833333333333,3.202,3.169666666666666,2022,5,0.9792375786386917,2.186773101180555,0.7869139483527834
2022-05-21 18:00:00,5.3,2022-05-21 13:29:45.300000000,69.93333333333334,100.0,2.0853333333333333,2.038,2.1326666666666667,2022,5,0.9792375786386917,1.5092058894222218,0.7869139483527834
2022-05-21 19:00:00,4.4,2022-05-21 14:29:46.000000000,71.73333333333333,97.2,1.659166666666667,1.6696666666666669,1.6486666666666667,2022,5,0.9792375786386917,1.3239801911805555,0.7869139483527834
2022-05-21 20:00:00,4.1,2022-05-21 15:29:46.900000000,73.63333333333334,89.53333333333333,1.2113333333333334,1.2086666666666666,1.214,2022,5,0.9792375786386917,1.326813583422223,0.7869139483527834
2022-05-21 21:00:00,4.5,2022-05-21 16:29:48.033333504,75.33333333333333,85.23333333333333,1.2113333333333334,1.257,1.1656666666666666,2022,5,0.9792375786386917,1.467203583422223,0.7869139483527834
2022-05-21 22:00:00,4.3,2022-05-21 17:29:48.766666752,73.06666666666666,82.53333333333333,1.653,1.6766666666666663,1.6293333333333335,2022,5,0.9792375786386917,1.9035432770333336,0.7869139483527834
2022-05-21 23:00:00,4.0,2022-05-21 18:29:49.033333248,74.66666666666667,83.0,1.4761666666666668,1.5373333333333332,1.415,2022,5,0.9792375786386917,1.7384128973805557,0.7869139483527834
2022-05-22 00:00:00,3.9,2022-05-21 19:29:49.900000000,73.6,87.63333333333334,1.3681666666666668,1.3986666666666667,1.3376666666666668,2022,5,0.9792375786386917,1.503170582313889,0.7869139483527834
2022-05-22 01:00:00,4.0,2022-05-21 20:29:50.900000000,71.1,98.13333333333334,1.2568333333333332,1.3116666666666668,1.2020000000000002,2022,5,0.9792375786386917,1.0535987773138888,0.7869139483527834
2022-05-22 02:00:00,4.0,2022-05-21 21:29:51.866666752,70.1,99.93333333333334,1.5081666666666669,1.5116666666666667,1.5046666666666666,2022,5,0.9792375786386917,1.1553381016472226,0.7869139483527834
2022-05-22 03:00:00,4.3,2022-05-21 22:29:52.200000000,69.36666666666666,100.0,1.483,1.461666666666667,1.5043333333333335,2022,5,0.9792375786386917,1.1543124277000008,0.7869139483527834
2022-05-22 04:00:00,4.9,2022-05-21 23:29:52.933333504,70.16666666666667,99.46666666666668,2.127333333333333,2.0476666666666667,2.207,2022,5,0.9792375786386917,1.551744523688889,0.7869139483527834
2022-05-22 05:00:00,7.4,2022-05-22 00:29:53.900000000,70.06666666666666,99.53333333333332,2.469333333333333,2.377666666666667,2.561,2022,5,0.9792375786386917,1.7600795683555566,0.7869139483527834
2022-05-22 06:00:00,6.8,2022-05-22 01:29:54.900000000,70.26666666666667,99.23333333333332,7.519166666666666,7.284000000000001,7.754333333333333,2022,5,0.9792375786386917,4.831794601180557,0.7869139483527834
2022-05-22 07:00:00,7.6,2022-05-22 02:29:55.833333248,70.26666666666667,99.13333333333334,5.4656666666666665,5.430000000000001,5.501333333333333,2022,5,0.9792375786386917,3.5943961648555547,0.7869139483527834
2022-05-22 08:00:00,6.9,2022-05-22 03:29:56.000000256,69.9,100.0,6.529166666666667,6.482333333333333,6.576,2022,5,0.9792375786386917,4.210413862847223,0.7869139483527834
2022-05-22 09:00:00,6.2,2022-05-22 04:29:56.900000000,68.76666666666667,100.0,5.351166666666667,5.171666666666667,5.530666666666666,2022,5,0.9792375786386917,3.5237800057138893,0.7869139483527834
2022-05-22 10:00:00,5.6,2022-05-22 05:29:57.900000000,67.16666666666667,100.0,4.641166666666667,4.471,4.811333333333334,2022,5,0.9792375786386917,3.130452095380556,0.7869139483527834
2022-05-22 11:00:00,5.7,2022-05-22 06:29:58.866666496,68.16666666666667,100.0,3.247333333333333,3.2706666666666666,3.224,2022,5,0.9792375786386917,2.259339318355555,0.7869139483527834
2022-05-22 12:00:00,5.9,2022-05-22 07:29:59.233333504,69.03333333333333,100.0,3.3280000000000003,3.2256666666666667,3.430333333333333,2022,5,0.9792375786386917,2.2881939711999992,0.7869139483527834
2022-05-22 13:00:00,5.8,2022-05-22 08:29:59.933333248,69.7,100.0,3.1455,3.070666666666667,3.220333333333333,2022,5,0.9792375786386917,2.1614188858250003,0.7869139483527834
2022-05-22 14:00:00,4.8,2022-05-22 09:30:00.900000000,69.93333333333334,100.0,2.945333333333333,2.832666666666667,3.058,2022,5,0.9792375786386917,2.0339680280888883,0.7869139483527834
2022-05-22 15:00:00,4.1,2022-05-22 10:30:01.900000000,71.66666666666667,97.26666666666668,2.1455,2.087666666666667,2.203333333333333,2022,5,0.9792375786386917,1.619919252491666,0.7869139483527834
2022-05-22 16:00:00,4.7,2022-05-22 11:30:02.866666752,74.13333333333334,87.6,1.8016666666666663,1.7046666666666668,1.8986666666666667,2022,5,0.9792375786386917,1.7571686480555555,0.7869139483527834
2022-05-22 17:00:00,5.5,2022-05-22 12:30:03.033333248,74.9,89.06666666666666,2.517333333333333,2.482666666666667,2.552,2022,5,0.9792375786386917,2.114823429688889,0.7869139483527834
2022-05-22 18:00:00,7.8,2022-05-22 13:30:03.966666496,76.2,88.6,3.224166666666666,3.030666666666667,3.417666666666667,2022,5,0.9792375786386917,2.5349066495138888,0.7869139483527834
2022-05-22 19:00:00,10.1,2022-05-22 14:30:04.900000000,76.86666666666666,89.06666666666666,4.879333333333333,4.828333333333333,4.9303333333333335,2022,5,0.9792375786386917,3.5061568010222213,0.7869139483527834
2022-05-22 20:00:00,11.3,2022-05-22 15:30:05.866666752,77.5,87.36666666666666,6.42,6.188,6.652,2022,5,0.9792375786386917,4.495903386666668,0.7869139483527834
2022-05-22 21:00:00,11.8,2022-05-22 16:30:06.066666752,75.56666666666666,92.86666666666666,8.118,7.857,8.379,2022,5,0.9792375786386917,5.335493099866669,0.7869139483527834
2022-05-22 22:00:00,11.6,2022-05-22 17:30:06.900000000,75.2,93.76666666666668,9.039666666666667,8.939666666666666,9.139666666666669,2022,5,0.9792375786386917,5.860929595255556,0.7869139483527834
2022-05-22 23:00:00,12.2,2022-05-22 18:30:08.100000000,72.96666666666667,98.73333333333332,8.9895,8.808666666666666,9.170333333333334,2022,5,0.9792375786386917,5.674931601158333,0.7869139483527834
2022-05-23 00:00:00,12.6,2022-05-22 19:30:08.866666752,70.43333333333334,100.0,9.799666666666669,9.669666666666666,9.929666666666666,2022,5,0.9792375786386917,6.167690003255557,0.7869139483527834
2022-05-23 01:00:00,13.5,2022-05-22 20:30:09.133333504,70.63333333333334,100.0,10.327666666666666,10.121666666666666,10.533666666666669,2022,5,0.9792375786386917,6.479609820855555,0.7869139483527834
2022-05-23 02:00:00,13.4,2022-05-22 21:30:10.000000000,70.26666666666667,100.0,10.677166666666666,10.413,10.941333333333334,2022,5,0.9792375786386917,6.697542633380556,0.7869139483527834
2022-05-23 03:00:00,12.9,2022-05-22 22:30:10.900000000,68.83333333333333,100.0,10.7275,10.292666666666667,11.162333333333333,2022,5,0.9792375786386917,6.761218545624998,0.7869139483527834
2022-05-23 04:00:00,12.7,2022-05-22 23:30:11.866666496,67.7,100.0,10.151333333333334,9.598666666666666,10.704,2022,5,0.9792375786386917,6.44256008208889,0.7869139483527834
2022-05-23 05:00:00,13.1,2022-05-23 00:30:12.066666752,68.63333333333334,100.0,10.423833333333333,9.868333333333334,10.979333333333331,2022,5,0.9792375786386917,6.584031344047221,0.7869139483527834
2022-05-23 06:00:00,13.9,2022-05-23 01:30:12.966666752,68.4,100.0,10.850333333333332,10.458,11.242666666666668,2022,5,0.9792375786386917,6.844887256588888,0.7869139483527834
2022-05-23 07:00:00,13.2,2022-05-23 02:30:13.900000000,68.73333333333333,100.0,10.920666666666667,10.360666666666669,11.480666666666668,2022,5,0.9792375786386917,6.879179667688889,0.7869139483527834
2022-05-23 08:00:00,13.0,2022-05-23 03:30:14.866666496,68.06666666666666,100.0,9.171,8.751,9.591,2022,5,0.9792375786386917,5.845599341299997,0.7869139483527834
2022-05-23 09:00:00,13.0,2022-05-23 04:30:15.133333248,67.5,100.0,9.285833333333333,8.684,9.887666666666666,2022,5,0.9792375786386917,5.9278500845138895,0.7869139483527834
2022-05-23 10:00:00,13.3,2022-05-23 05:30:15.900000000,67.36666666666666,100.0,9.379333333333332,8.735999999999999,10.022666666666668,2022,5,0.9792375786386917,5.987130334355554,0.7869139483527834
2022-05-23 11:00:00,13.7,2022-05-23 06:30:16.900000000,66.9,100.0,9.9175,9.276333333333334,10.558666666666666,2022,5,0.9792375786386917,6.321059160624999,0.7869139483527834
2022-05-23 12:00:00,11.9,2022-05-23 07:30:17.900000000,67.26666666666667,100.0,10.622666666666667,9.713666666666668,11.531666666666666,2022,5,0.9792375786386917,6.735108027022222,0.7869139483527834
2022-05-23 13:00:00,12.9,2022-05-23 08:30:18.966666752,68.63333333333334,100.0,9.517833333333334,8.872333333333334,10.163333333333332,2022,5,0.9792375786386917,6.04065708904722,0.7869139483527834
2022-05-23 14:00:00,14.2,2022-05-23 09:30:19.133333248,68.16666666666667,100.0,11.147666666666668,10.394,11.901333333333334,2022,5,0.9792375786386917,7.028245179522222,0.7869139483527834
2022-05-23 15:00:00,14.2,2022-05-23 10:30:19.933333248,68.2,100.0,12.595333333333334,11.856333333333334,13.334333333333335,2022,5,0.9792375786386917,7.891852324755555,0.7869139483527834
2022-05-23 16:00:00,13.7,2022-05-23 11:30:20.900000000,68.5,100.0,13.080666666666668,12.526666666666667,13.634666666666668,2022,5,0.9792375786386917,8.173963251688889,0.7869139483527834
2022-05-23 17:00:00,12.3,2022-05-23 12:30:21.866666752,68.63333333333334,100.0,11.911666666666669,11.45,12.373333333333331,2022,5,0.9792375786386917,7.473867488055554,0.7869139483527834
2022-05-23 18:00:00,13.0,2022-05-23 13:30:22.100000000,69.83333333333333,100.0,10.209,10.005333333333336,10.412666666666668,2022,5,0.9792375786386917,6.427208813300001,0.7869139483527834
2022-05-23 19:00:00,14.0,2022-05-23 14:30:22.966666496,73.5,93.0,11.828666666666669,11.746666666666666,11.910666666666666,2022,5,0.9792375786386917,7.603728871422223,0.7869139483527834
2022-05-23 20:00:00,15.3,2022-05-23 15:30:23.900000000,76.56666666666666,79.1,13.5105,13.842,13.179,2022,5,0.9792375786386917,9.116705427825002,0.7869139483527834
2022-05-24 18:00:00,18.5,2022-05-24 13:30:40.033333248,73.1,98.0,21.9515,21.92366666666667,21.979333333333333,2022,5,0.9792375786386917,13.376707218424997,0.7869139483527834
2022-05-24 19:00:00,17.1,2022-05-24 14:30:40.900000000,73.56666666666666,96.73333333333332,19.324,19.814666666666668,18.83333333333333,2022,5,0.9792375786386917,11.882253490133332,0.7869139483527834
2022-05-24 20:00:00,15.5,2022-05-24 15:30:41.900000000,73.93333333333334,95.93333333333334,14.662666666666668,15.216666666666669,14.108666666666666,2022,5,0.9792375786386917,9.157382837688887,0.7869139483527834
2022-05-24 21:00:00,13.9,2022-05-24 16:30:42.033333248,75.03333333333333,89.66666666666667,13.263166666666669,13.737666666666666,12.788666666666668,2022,5,0.9792375786386917,8.562686568647221,0.7869139483527834
2022-05-24 22:00:00,13.9,2022-05-24 17:30:42.933333504,75.5,87.63333333333334,14.025,14.704666666666666,13.345333333333334,2022,5,0.9792375786386917,9.089955645833331,0.7869139483527834
2022-05-24 23:00:00,15.1,2022-05-24 18:30:43.900000000,74.23333333333333,92.23333333333332,15.202166666666669,15.901000000000002,14.503333333333334,2022,5,0.9792375786386917,9.62521092838056,0.7869139483527834
2022-05-25 00:00:00,16.3,2022-05-24 19:30:44.866666752,72.9,95.86666666666666,16.3535,16.78066666666667,15.926333333333334,2022,5,0.9792375786386917,10.185327278091666,0.7869139483527834
2022-05-25 01:00:00,16.4,2022-05-24 20:30:45.033333248,70.96666666666667,100.0,17.2065,17.48966666666667,16.923333333333332,2022,5,0.9792375786386917,10.560836565425,0.7869139483527834
2022-05-25 02:00:00,15.9,2022-05-24 21:30:45.900000000,69.96666666666667,100.0,16.931,16.831333333333333,17.03066666666667,2022,5,0.9792375786386917,10.421742877300002,0.7869139483527834
2022-05-25 03:00:00,16.4,2022-05-24 22:30:46.900000000,68.5,100.0,18.297666666666665,18.42866666666667,18.166666666666668,2022,5,0.9792375786386917,11.261097786188888,0.7869139483527834
2022-05-25 04:00:00,19.1,2022-05-24 23:30:47.300000000,68.0,100.0,18.6945,18.56566666666667,18.82333333333333,2022,5,0.9792375786386917,11.506062563824996,0.7869139483527834
2022-05-25 05:00:00,18.4,2022-05-25 00:30:48.000000000,68.0,100.0,22.512166666666666,21.996666666666663,23.02766666666667,2022,5,0.9792375786386917,13.738883451380552,0.7869139483527834
2022-05-25 06:00:00,17.6,2022-05-25 01:30:48.900000000,67.03333333333333,100.0,19.238166666666665,18.636000000000003,19.840333333333334,2022,5,0.9792375786386917,11.847900325313883,0.7869139483527834
2022-05-25 07:00:00,18.1,2022-05-25 02:30:50.000000000,66.83333333333333,100.0,18.6085,17.81566666666667,19.401333333333334,2022,5,0.9792375786386917,11.482829144424995,0.7869139483527834
2022-05-25 08:00:00,17.5,2022-05-25 03:30:50.033333248,66.9,100.0,21.213666666666665,20.545,21.88233333333333,2022,5,0.9792375786386917,13.007465612588884,0.7869139483527834
2022-05-25 09:00:00,16.8,2022-05-25 04:30:50.900000000,66.56666666666666,100.0,20.057333333333336,19.433,20.68166666666667,2022,5,0.9792375786386917,12.33901840568889,0.7869139483527834
2022-05-25 10:00:00,17.2,2022-05-25 05:30:51.900000000,66.83333333333333,100.0,18.65083333333333,18.424333333333333,18.877333333333336,2022,5,0.9792375786386917,11.507705416180553,0.7869139483527834
2022-05-25 11:00:00,17.3,2022-05-25 06:30:52.900000000,66.56666666666666,100.0,19.011333333333333,18.48,19.542666666666666,2022,5,0.9792375786386917,11.725683823422225,0.7869139483527834
2022-05-25 12:00:00,17.6,2022-05-25 07:30:53.166666496,66.0,100.0,18.771833333333333,18.172,19.371666666666663,2022,5,0.9792375786386917,11.598294626313889,0.7869139483527834
2022-05-25 13:00:00,16.8,2022-05-25 08:30:53.933333504,66.03333333333333,100.0,19.870166666666663,19.127,20.613333333333333,2022,5,0.9792375786386917,12.241863518647222,0.7869139483527834
2022-05-25 14:00:00,18.0,2022-05-25 09:30:55.000000000,67.76666666666667,100.0,19.69783333333333,19.066,20.329666666666665,2022,5,0.9792375786386917,12.10031404838055,0.7869139483527834
2022-05-25 15:00:00,19.0,2022-05-25 10:30:55.866666752,70.86666666666666,100.0,21.5985,21.20233333333333,21.994666666666667,2022,5,0.9792375786386917,13.139288793425,0.7869139483527834
2022-05-25 16:00:00,18.0,2022-05-25 11:30:56.000000000,72.76666666666667,100.0,21.693166666666663,21.499,21.88733333333333,2022,5,0.9792375786386917,13.150057878980553,0.7869139483527834
2022-05-25 17:00:00,17.1,2022-05-25 12:30:56.900000000,71.76666666666667,100.0,22.96633333333333,23.01,22.922666666666668,2022,5,0.9792375786386917,13.915011703255557,0.7869139483527834
2022-05-25 18:00:00,17.4,2022-05-25 13:30:57.900000000,70.06666666666666,100.0,22.043166666666664,21.989,22.09733333333333,2022,5,0.9792375786386917,13.417320977313883,0.7869139483527834
2022-05-25 19:00:00,13.1,2022-05-25 14:30:58.866666752,70.43333333333334,100.0,21.205666666666666,21.36833333333333,21.043,2022,5,0.9792375786386917,12.920113480855552,0.7869139483527834
2022-05-25 20:00:00,11.9,2022-05-25 15:30:59.133333248,73.1,99.2,13.047666666666666,13.109,12.986333333333333,2022,5,0.9792375786386917,8.08019438618889,0.7869139483527834
2022-05-25 21:00:00,10.4,2022-05-25 16:29:59.931034624,75.86206896551724,91.27586206896552,9.715862068965516,9.850689655172417,9.58103448275862,2022,5,0.9792375786386917,6.355912092841853,0.7869139483527834
2022-05-25 22:00:00,10.9,2022-05-25 17:29:00.866666752,75.86666666666666,87.86666666666666,7.990166666666667,8.175,7.805333333333333,2022,5,0.9792375786386917,5.460961917313888,0.7869139483527834
2022-05-25 23:00:00,11.6,2022-05-25 18:29:01.866666752,76.26666666666667,89.9,8.546,8.718666666666667,8.373333333333333,2022,5,0.9792375786386917,5.7010917788,0.7869139483527834
2022-05-26 00:00:00,11.1,2022-05-25 19:29:02.400000000,76.7,89.03333333333333,8.916500000000001,9.098666666666666,8.734333333333332,2022,5,0.9792375786386917,5.950115767758335,0.7869139483527834
2022-05-26 01:00:00,10.8,2022-05-25 20:29:03.199999744,75.73333333333333,92.23333333333332,8.748833333333334,8.961,8.536666666666667,2022,5,0.9792375786386917,5.7378303790472245,0.7869139483527834
2022-05-26 02:00:00,11.4,2022-05-25 21:30:04.000000000,72.6896551724138,99.3793103448276,8.867068965517241,8.983793103448274,8.750344827586206,2022,5,0.9792375786386917,5.580740421917359,0.7869139483527834
2022-05-26 03:00:00,11.8,2022-05-25 22:29:05.266666752,71.23333333333333,100.0,9.671333333333331,9.832,9.510666666666667,2022,5,0.9792375786386917,6.071959698088887,0.7869139483527834
2022-05-26 04:00:00,13.5,2022-05-25 23:29:05.200000000,69.7,100.0,10.66,10.432,10.888,2022,5,0.9792375786386917,6.700523680000001,0.7869139483527834
2022-05-26 05:00:00,13.5,2022-05-26 00:29:05.866666752,69.73333333333333,100.0,13.677,13.03,14.324000000000002,2022,5,0.9792375786386917,8.499909439699998,0.7869139483527834
2022-05-26 06:00:00,13.6,2022-05-26 01:29:07.100000000,69.06666666666666,100.0,13.044,12.603666666666667,13.484333333333332,2022,5,0.9792375786386917,8.138871084799998,0.7869139483527834
2022-05-26 07:00:00,13.3,2022-05-26 02:29:08.400000000,68.96666666666667,100.0,13.838333333333331,13.229666666666668,14.447,2022,5,0.9792375786386917,8.613753921388888,0.7869139483527834
2022-05-26 08:00:00,11.9,2022-05-26 03:29:08.066666752,70.0,100.0,14.156,13.769,14.543,2022,5,0.9792375786386917,8.778304124800002,0.7869139483527834
2022-05-26 09:00:00,12.6,2022-05-26 04:29:09.000000000,69.76666666666667,100.0,12.425333333333333,11.951333333333334,12.899333333333336,2022,5,0.9792375786386917,7.753839084088889,0.7869139483527834
2022-05-26 10:00:00,13.5,2022-05-26 05:29:09.966666752,69.86666666666666,100.0,13.504,13.073,13.935,2022,5,0.9792375786386917,8.393909228799998,0.7869139483527834
2022-05-26 11:00:00,13.6,2022-05-26 06:29:10.700000000,69.6,100.0,14.6315,14.048333333333334,15.214666666666666,2022,5,0.9792375786386917,9.069901310425,0.7869139483527834
2022-05-26 12:00:00,14.3,2022-05-26 07:29:11.166666496,70.0,100.0,13.955000000000002,13.582333333333333,14.327666666666666,2022,5,0.9792375786386917,8.6589036325,0.7869139483527834
2022-05-26 13:00:00,13.7,2022-05-26 08:29:12.000000000,69.3,100.0,14.815666666666663,14.34,15.291333333333334,2022,5,0.9792375786386917,9.186150004855552,0.7869139483527834
2022-05-26 14:00:00,14.9,2022-05-26 09:29:12.966666752,68.83333333333333,100.0,15.410666666666666,14.956,15.865333333333332,2022,5,0.9792375786386917,9.549638187022222,0.7869139483527834
2022-05-26 15:00:00,16.0,2022-05-26 10:29:13.833333248,69.13333333333334,100.0,18.255666666666663,18.060333333333336,18.451,2022,5,0.9792375786386917,11.221576634188889,0.7869139483527834
2022-05-26 16:00:00,16.6,2022-05-26 11:29:14.033333248,72.03333333333333,100.0,18.9915,18.597666666666665,19.38533333333333,2022,5,0.9792375786386917,11.586119514425,0.7869139483527834
2022-05-26 17:00:00,16.6,2022-05-26 12:29:14.933333248,76.83333333333333,92.03333333333332,20.097,20.040000000000003,20.154,2022,5,0.9792375786386917,12.455810617033336,0.7869139483527834
2022-05-26 18:00:00,14.1,2022-05-26 13:29:15.966666496,78.7,83.43333333333334,18.86,19.09133333333333,18.628666666666668,2022,5,0.9792375786386917,12.047044213333333,0.7869139483527834
2022-05-26 19:00:00,12.4,2022-05-26 14:29:16.466666752,77.0,87.0,13.761,14.546,12.976,2022,5,0.9792375786386917,8.9245077253,0.7869139483527834
2022-05-26 20:00:00,10.8,2022-05-26 15:29:17.000000000,77.5,80.83333333333333,11.2625,11.981,10.544,2022,5,0.9792375786386917,7.6816014739583345,0.7869139483527834
2022-05-26 21:00:00,10.0,2022-05-26 16:29:17.866666752,76.93333333333334,79.63333333333334,8.825999999999999,9.385666666666667,8.266333333333334,2022,5,0.9792375786386917,6.284099000133333,0.7869139483527834
2022-05-26 22:00:00,11.8,2022-05-26 17:29:18.900000000,76.56666666666666,82.1,8.1855,8.82,7.551,2022,5,0.9792375786386917,5.803871517825,0.7869139483527834
2022-05-26 23:00:00,11.4,2022-05-26 18:29:19.833333248,76.1,83.46666666666667,12.002166666666666,12.612,11.392333333333331,2022,5,0.9792375786386917,8.045919968380556,0.7869139483527834
2022-05-27 00:00:00,9.3,2022-05-26 19:29:20.000000000,74.06666666666666,91.4,12.525666666666666,13.070666666666666,11.980666666666668,2022,5,0.9792375786386917,8.073382262188888,0.7869139483527834
2022-05-27 01:00:00,8.2,2022-05-26 20:29:20.866666752,73.43333333333334,93.23333333333332,8.047166666666667,8.537666666666667,7.556666666666667,2022,5,0.9792375786386917,5.327380164380557,0.7869139483527834
2022-05-27 02:00:00,8.0,2022-05-26 21:29:21.866666752,70.86666666666666,99.5,7.3635,7.635999999999999,7.090999999999999,2022,5,0.9792375786386917,4.712668792424999,0.7869139483527834
2022-05-27 03:00:00,7.9,2022-05-26 22:29:22.233333248,70.06666666666666,100.0,7.071833333333333,7.120666666666667,7.023,2022,5,0.9792375786386917,4.534387256313891,0.7869139483527834
2022-05-27 04:00:00,7.9,2022-05-26 23:29:23.000000000,69.63333333333334,100.0,6.7860000000000005,6.887666666666666,6.684333333333333,2022,5,0.9792375786386917,4.3718812028,0.7869139483527834
2022-05-27 05:00:00,7.5,2022-05-27 00:29:23.866666496,69.3,100.0,6.6605,6.724,6.597,2022,5,0.9792375786386917,4.303841872824999,0.7869139483527834
2022-05-27 06:00:00,6.8,2022-05-27 01:29:24.866666752,69.73333333333333,100.0,6.085333333333334,6.181666666666667,5.989,2022,5,0.9792375786386917,3.945848022755557,0.7869139483527834
2022-05-27 07:00:00,8.5,2022-05-27 02:29:25.766666752,69.6,100.0,5.0855,5.105,5.066,2022,5,0.9792375786386917,3.3431785878249998,0.7869139483527834
2022-05-27 08:00:00,8.7,2022-05-27 03:29:26.700000000,70.73333333333333,100.0,6.815,6.797,6.833,2022,5,0.9792375786386917,4.363662692500001,0.7869139483527834
2022-05-27 09:00:00,9.0,2022-05-27 04:29:27.833333248,70.03333333333333,100.0,8.155,8.257333333333333,8.052666666666665,2022,5,0.9792375786386917,5.188372232499998,0.7869139483527834
2022-05-27 10:00:00,8.8,2022-05-27 05:29:28.833333504,70.5,100.0,8.0315,8.065333333333333,7.997666666666666,2022,5,0.9792375786386917,5.103058370425001,0.7869139483527834
2022-05-27 11:00:00,9.4,2022-05-27 06:29:29.200000000,70.7,100.0,8.121500000000001,8.243666666666666,7.999333333333333,2022,5,0.9792375786386917,5.152594631425003,0.7869139483527834
2022-05-27 12:00:00,8.7,2022-05-27 07:29:29.900000000,70.5,100.0,8.567,8.486666666666666,8.647333333333334,2022,5,0.9792375786386917,5.425478127700001,0.7869139483527834
2022-05-27 13:00:00,8.0,2022-05-27 08:29:31.000000000,70.1,100.0,7.779,7.724666666666667,7.833333333333333,2022,5,0.9792375786386917,4.9602511013,0.7869139483527834
2022-05-27 14:00:00,8.6,2022-05-27 09:29:31.900000000,69.2,100.0,7.238333333333333,7.355333333333333,7.121333333333333,2022,5,0.9792375786386917,4.655182121388887,0.7869139483527834
2022-05-27 15:00:00,8.3,2022-05-27 10:29:32.433333504,70.16666666666667,100.0,8.593833333333333,8.595333333333334,8.592333333333332,2022,5,0.9792375786386917,5.449423675047224,0.7869139483527834
2022-05-27 16:00:00,8.2,2022-05-27 11:29:33.400000000,71.46666666666667,98.8,8.02,7.990666666666667,8.049333333333333,2022,5,0.9792375786386917,5.123789920000001,0.7869139483527834
2022-05-27 17:00:00,7.8,2022-05-27 12:29:34.200000000,72.43333333333334,93.76666666666668,8.326833333333333,8.323666666666666,8.33,2022,5,0.9792375786386917,5.496862244313888,0.7869139483527834
2022-05-27 18:00:00,7.9,2022-05-27 13:29:34.866666496,75.16666666666667,80.6,7.648166666666667,7.626333333333333,7.67,2022,5,0.9792375786386917,5.5756702476472215,0.7869139483527834
2022-05-27 19:00:00,7.1,2022-05-27 14:29:35.833333248,79.73333333333333,60.43333333333333,7.382000000000001,7.304,7.459999999999999,2022,5,0.9792375786386917,6.153244806533334,0.7869139483527834
2022-05-27 20:00:00,6.7,2022-05-27 15:29:36.166666752,79.56666666666666,53.833333333333336,6.102833333333334,6.198333333333333,6.007333333333333,2022,5,0.9792375786386917,5.660721976047222,0.7869139483527834
2022-05-27 21:00:00,6.1,2022-05-27 16:29:36.866666752,79.86666666666666,53.766666666666666,5.674166666666666,5.676666666666667,5.671666666666667,2022,5,0.9792375786386917,5.396952174513888,0.7869139483527834
2022-05-27 22:00:00,5.6,2022-05-27 17:29:37.866666752,78.86666666666666,60.333333333333336,4.718166666666666,4.716333333333334,4.72,2022,5,0.9792375786386917,4.565456630647222,0.7869139483527834
2022-05-27 23:00:00,5.1,2022-05-27 18:29:38.866666752,78.13333333333334,67.43333333333334,3.7378333333333336,3.742333333333333,3.733333333333333,2022,5,0.9792375786386917,3.6892890497138895,0.7869139483527834
2022-05-28 00:00:00,5.5,2022-05-27 19:29:39.866666496,77.46666666666667,71.93333333333334,3.478333333333333,3.457666666666667,3.499,2022,5,0.9792375786386917,3.3583921213888868,0.7869139483527834
2022-05-28 01:00:00,5.4,2022-05-27 20:29:40.833333248,75.7,77.93333333333334,4.022333333333333,3.94,4.104666666666667,2022,5,0.9792375786386917,3.4793341075222206,0.7869139483527834
2022-05-28 02:00:00,5.6,2022-05-27 21:29:41.166666496,72.7,88.9,3.6746666666666665,3.767,3.582333333333333,2022,5,0.9792375786386917,2.8785374574222224,0.7869139483527834
2022-05-28 03:00:00,6.4,2022-05-27 22:29:41.866666752,68.66666666666667,98.7,4.295,4.308333333333334,4.281666666666666,2022,5,0.9792375786386917,2.9395415325000007,0.7869139483527834
2022-05-28 04:00:00,7.3,2022-05-27 23:29:42.866666496,69.96666666666667,100.0,6.022333333333334,5.946333333333333,6.098333333333334,2022,5,0.9792375786386917,3.9022582408555566,0.7869139483527834
2022-05-28 05:00:00,6.2,2022-05-28 00:29:43.933333248,70.5,100.0,8.243166666666665,8.26,8.226333333333333,2022,5,0.9792375786386917,5.230548957313888,0.7869139483527834
2022-05-28 06:00:00,6.3,2022-05-28 01:29:44.033333248,70.9,100.0,4.866,4.843333333333334,4.8886666666666665,2022,5,0.9792375786386917,3.1795782907999994,0.7869139483527834
2022-05-28 07:00:00,6.1,2022-05-28 02:29:44.866666752,70.33333333333333,100.0,4.8455,4.844666666666667,4.846333333333334,2022,5,0.9792375786386917,3.180396595825001,0.7869139483527834
2022-05-28 08:00:00,6.1,2022-05-28 03:29:43.862068992,70.34482758620689,100.0,4.601034482758621,4.616551724137931,4.58551724137931,2022,5,0.9792375786386917,3.0317132440784773,0.7869139483527834
2022-05-28 09:00:00,6.1,2022-05-28 04:29:46.833333504,70.23333333333333,100.0,4.8406666666666665,4.827666666666667,4.853666666666667,2022,5,0.9792375786386917,3.179803102355555,0.7869139483527834
2022-05-28 10:00:00,5.8,2022-05-28 05:29:47.433333248,70.33333333333333,99.9,4.829666666666667,4.882333333333333,4.777,2022,5,0.9792375786386917,3.174976753922224,0.7869139483527834
2022-05-28 11:00:00,5.6,2022-05-28 06:29:48.333333504,69.96666666666667,100.0,3.9611666666666654,3.9046666666666665,4.017666666666667,2022,5,0.9792375786386917,2.651704006047222,0.7869139483527834
2022-05-28 12:00:00,5.8,2022-05-28 07:29:48.966666752,70.0,100.0,3.5745,3.5643333333333334,3.5846666666666667,2022,5,0.9792375786386917,2.4156624598250014,0.7869139483527834
2022-05-28 13:00:00,5.5,2022-05-28 08:29:49.966666752,69.83333333333333,100.0,3.962,3.988,3.936,2022,5,0.9792375786386917,2.6553308092,0.7869139483527834
2022-05-28 14:00:00,5.5,2022-05-28 09:29:50.866666496,70.33333333333333,100.0,3.6921666666666666,3.651,3.733333333333333,2022,5,0.9792375786386917,2.4794771387138885,0.7869139483527834
2022-05-28 15:00:00,5.4,2022-05-28 10:29:51.066666496,71.33333333333333,96.2,3.898333333333333,3.961,3.8356666666666666,2022,5,0.9792375786386917,2.7407282480555555,0.7869139483527834
2022-05-28 16:00:00,5.6,2022-05-28 11:29:51.933333248,72.63333333333334,93.03333333333332,3.6531666666666665,3.651,3.655333333333333,2022,5,0.9792375786386917,2.6938263096472235,0.7869139483527834
2022-05-28 17:00:00,5.2,2022-05-28 12:29:52.866666752,74.83333333333333,76.7,4.101833333333333,4.161333333333333,4.042333333333334,2022,5,0.9792375786386917,3.5996286093138883,0.7869139483527834
2022-05-28 18:00:00,5.4,2022-05-28 13:29:53.866666752,75.06666666666666,78.33333333333333,3.227,3.319,3.135,2022,5,0.9792375786386917,2.9933260330333344,0.7869139483527834
2022-05-28 19:00:00,5.8,2022-05-28 14:29:54.833333504,73.8,86.2,3.5605,3.6496666666666666,3.4713333333333334,2022,5,0.9792375786386917,2.896440442825001,0.7869139483527834
2022-05-28 20:00:00,6.1,2022-05-28 15:29:55.000000000,73.53333333333333,88.43333333333334,4.0255,4.02,4.031000000000001,2022,5,0.9792375786386917,3.0920096831583344,0.7869139483527834
2022-05-28 21:00:00,6.6,2022-05-28 16:29:55.866666496,73.63333333333334,90.3,4.900833333333334,5.040333333333334,4.761333333333334,2022,5,0.9792375786386917,3.543187707847224,0.7869139483527834
2022-05-28 22:00:00,6.6,2022-05-28 17:29:56.900000000,72.96666666666667,93.36666666666666,5.585166666666667,5.709666666666666,5.460666666666667,2022,5,0.9792375786386917,3.8452534409805543,0.7869139483527834
2022-05-28 23:00:00,6.4,2022-05-28 18:29:57.833333504,72.86666666666666,93.63333333333334,5.635000000000001,5.756666666666666,5.513333333333334,2022,5,0.9792375786386917,3.8666119258333342,0.7869139483527834
2022-05-29 00:00:00,6.7,2022-05-28 19:29:58.166666752,71.83333333333333,94.73333333333332,5.540666666666667,5.631666666666666,5.449666666666667,2022,5,0.9792375786386917,3.787546582355558,0.7869139483527834
2022-05-29 01:00:00,6.7,2022-05-28 20:29:58.933333248,72.43333333333334,93.7,6.150166666666666,6.415666666666667,5.884666666666666,2022,5,0.9792375786386917,4.185871599980554,0.7869139483527834
2022-05-29 02:00:00,6.5,2022-05-28 21:29:59.966666752,70.26666666666667,100.0,6.057333333333333,6.346333333333333,5.7683333333333335,2022,5,0.9792375786386917,3.916422139022221,0.7869139483527834
2022-05-29 03:00:00,6.2,2022-05-28 22:30:00.900000000,68.96666666666667,100.0,6.303,6.4623333333333335,6.143666666666666,2022,5,0.9792375786386917,4.095484663699998,0.7869139483527834
2022-05-29 04:00:00,6.3,2022-05-28 23:30:01.866666496,68.76666666666667,100.0,6.208333333333333,6.378,6.038666666666667,2022,5,0.9792375786386917,4.042895868055555,0.7869139483527834
2022-05-29 05:00:00,5.5,2022-05-29 00:30:02.466666752,68.46666666666667,100.0,6.021333333333333,6.205666666666667,5.837,2022,5,0.9792375786386917,3.936752961422223,0.7869139483527834
2022-05-29 06:00:00,4.7,2022-05-29 01:30:03.033333248,68.63333333333334,100.0,5.114333333333334,5.326,4.902666666666667,2022,5,0.9792375786386917,3.3832880261888896,0.7869139483527834
2022-05-29 07:00:00,4.8,2022-05-29 02:30:06.566666752,68.36666666666666,100.0,3.819833333333333,4.057666666666667,3.5820000000000003,2022,5,0.9792375786386917,2.6031761263138886,0.7869139483527834
2022-05-29 08:00:00,5.3,2022-05-29 03:30:07.900000000,67.83333333333333,100.0,4.131,4.222333333333333,4.039666666666666,2022,5,0.9792375786386917,2.8048903972999994,0.7869139483527834
2022-05-29 09:00:00,6.1,2022-05-29 04:30:08.833333504,68.83333333333333,100.0,4.948833333333334,5.092,4.805666666666666,2022,5,0.9792375786386917,3.2782048390472225,0.7869139483527834
2022-05-29 10:00:00,6.4,2022-05-29 05:30:09.400000000,68.6,100.0,5.799166666666666,6.018666666666666,5.579666666666666,2022,5,0.9792375786386917,3.799125341180555,0.7869139483527834
2022-05-29 11:00:00,6.6,2022-05-29 06:30:09.900000000,67.9,100.0,5.532166666666667,5.670333333333334,5.394,2022,5,0.9792375786386917,3.653762597380555,0.7869139483527834
2022-05-29 12:00:00,7.5,2022-05-29 07:30:10.866666752,68.4,100.0,4.283833333333333,4.284000000000001,4.283666666666666,2022,5,0.9792375786386917,2.8845254953805552,0.7869139483527834
2022-05-29 13:00:00,7.6,2022-05-29 08:30:11.866666496,68.13333333333334,100.0,6.937,6.849666666666667,7.024333333333333,2022,5,0.9792375786386917,4.498200891700001,0.7869139483527834
2022-05-29 14:00:00,6.9,2022-05-29 09:30:12.600000000,68.73333333333333,100.0,5.388166666666667,5.394333333333334,5.382000000000001,2022,5,0.9792375786386917,3.546989126980556,0.7869139483527834
2022-05-29 15:00:00,6.6,2022-05-29 10:30:13.100000000,69.93333333333334,100.0,2.9931666666666668,3.1383333333333336,2.848,2022,5,0.9792375786386917,2.063124982313888,0.7869139483527834
2022-05-29 16:00:00,6.9,2022-05-29 11:30:14.100000000,72.3,94.06666666666666,2.7453333333333334,2.881666666666667,2.609,2022,5,0.9792375786386917,2.1052493880888905,0.7869139483527834
2022-05-29 17:00:00,7.0,2022-05-29 12:30:14.900000000,74.1,88.7,2.670333333333333,2.898333333333333,2.442333333333333,2022,5,0.9792375786386917,2.242248793922222,0.7869139483527834
2022-05-29 18:00:00,6.7,2022-05-29 13:30:15.833333248,75.6,80.76666666666667,2.5746666666666664,2.7856666666666667,2.3636666666666666,2022,5,0.9792375786386917,2.4811951107555554,0.7869139483527834
2022-05-29 19:00:00,7.2,2022-05-29 14:30:16.566666496,76.8,70.73333333333333,2.5803333333333334,2.773,2.3876666666666666,2022,5,0.9792375786386917,2.876969019255556,0.7869139483527834
2022-05-29 20:00:00,8.4,2022-05-29 15:30:16.966666752,76.73333333333333,78.7,3.0498333333333334,3.2983333333333333,2.801333333333333,2022,5,0.9792375786386917,2.8310121766472225,0.7869139483527834
2022-05-29 21:00:00,7.7,2022-05-29 16:30:17.900000000,75.43333333333334,87.6,4.087666666666666,4.632333333333333,3.543,2022,5,0.9792375786386917,3.1202655968555546,0.7869139483527834
2022-05-29 22:00:00,7.5,2022-05-29 17:30:18.833333504,76.36666666666666,82.83333333333333,4.050166666666667,4.519333333333334,3.5810000000000004,2022,5,0.9792375786386917,3.27534842331389,0.7869139483527834
2022-05-29 23:00:00,7.6,2022-05-29 18:30:22.166666752,77.16666666666667,77.63333333333334,4.074,4.291,3.857,2022,5,0.9792375786386917,3.4889996401333327,0.7869139483527834
2022-05-30 00:00:00,8.3,2022-05-29 19:30:22.933333248,76.33333333333333,81.63333333333334,4.528833333333334,4.679,4.378666666666667,2022,5,0.9792375786386917,3.617296406380557,0.7869139483527834
2022-05-30 01:00:00,9.6,2022-05-29 20:30:23.933333248,74.36666666666666,90.1,5.318333333333333,5.6466666666666665,4.989999999999999,2022,5,0.9792375786386917,3.787645081388889,0.7869139483527834
2022-05-30 02:00:00,9.6,2022-05-29 21:30:24.866666752,72.1,99.5,6.394833333333334,6.748333333333333,6.041333333333333,2022,5,0.9792375786386917,4.098657439647221,0.7869139483527834
2022-05-30 03:00:00,9.6,2022-05-29 22:30:25.866666752,70.4,100.0,6.6593333333333335,7.000666666666667,6.318,2022,5,0.9792375786386917,4.277396755688886,0.7869139483527834
2022-05-30 04:00:00,9.6,2022-05-29 23:30:26.833333504,68.7,100.0,7.036166666666667,7.324,6.748333333333333,2022,5,0.9792375786386917,4.544830496047221,0.7869139483527834
2022-05-30 05:00:00,9.7,2022-05-30 00:30:27.266666752,69.46666666666667,100.0,6.8725000000000005,7.104,6.641,2022,5,0.9792375786386917,4.4280400956250014,0.7869139483527834
2022-05-30 06:00:00,9.6,2022-05-30 01:30:28.100000000,68.73333333333333,100.0,6.987166666666667,7.203666666666667,6.770666666666667,2022,5,0.9792375786386917,4.514459706380555,0.7869139483527834
2022-05-30 07:00:00,11.6,2022-05-30 02:30:28.900000000,69.03333333333333,100.0,7.246833333333333,7.505666666666666,6.988,2022,5,0.9792375786386917,4.664212469647223,0.7869139483527834
2022-05-30 08:00:00,12.5,2022-05-30 03:30:29.866666752,68.6,100.0,10.049833333333334,10.191333333333334,9.908333333333331,2022,5,0.9792375786386917,6.360643809980556,0.7869139483527834
2022-05-30 09:00:00,12.8,2022-05-30 04:30:30.833333248,68.33333333333333,100.0,11.397333333333334,11.199333333333334,11.595333333333334,2022,5,0.9792375786386917,7.173627995022222,0.7869139483527834
2022-05-30 10:00:00,12.2,2022-05-30 05:30:31.033333248,68.06666666666666,100.0,10.488,10.427333333333332,10.548666666666666,2022,5,0.9792375786386917,6.6357317792,0.7869139483527834
2022-05-30 11:00:00,15.3,2022-05-30 06:30:31.933333248,68.93333333333334,100.0,9.9415,10.006333333333334,9.876666666666669,2022,5,0.9792375786386917,6.287874569425001,0.7869139483527834
2022-05-30 12:00:00,15.5,2022-05-30 07:30:32.866666752,68.56666666666666,100.0,14.820666666666666,14.915666666666668,14.725666666666664,2022,5,0.9792375786386917,9.20627482768889,0.7869139483527834
2022-05-30 13:00:00,18.1,2022-05-30 08:30:33.766666752,68.0,100.0,17.158166666666666,17.562333333333335,16.754,2022,5,0.9792375786386917,10.601756586647223,0.7869139483527834
2022-05-30 14:00:00,15.5,2022-05-30 09:30:34.000000000,68.93333333333334,100.0,23.2445,23.569000000000003,22.92,2022,5,0.9792375786386917,14.143027348824994,0.7869139483527834
2022-05-30 15:00:00,15.8,2022-05-30 10:30:34.866666752,69.33333333333333,100.0,17.238166666666665,17.441666666666666,17.034666666666666,2022,5,0.9792375786386917,10.617727191980553,0.7869139483527834
2022-05-30 16:00:00,16.4,2022-05-30 11:30:35.833333248,72.36666666666666,93.1,18.2745,18.35233333333333,18.196666666666665,2022,5,0.9792375786386917,11.446103249825,0.7869139483527834
2022-05-30 17:00:00,16.4,2022-05-30 12:30:36.166666752,75.4,78.96666666666667,18.76833333333333,19.00333333333333,18.53333333333333,2022,5,0.9792375786386917,12.257575281388888,0.7869139483527834
2022-05-30 18:00:00,16.0,2022-05-30 13:30:36.900000000,76.36666666666666,73.43333333333334,17.2985,17.75133333333333,16.845666666666666,2022,5,0.9792375786386917,11.601859096758332,0.7869139483527834
2022-05-30 19:00:00,13.6,2022-05-30 14:30:37.900000000,78.73333333333333,67.66666666666667,15.263833333333334,15.649666666666668,14.877999999999998,2022,5,0.9792375786386917,10.585784596047224,0.7869139483527834
2022-05-30 20:00:00,12.6,2022-05-30 15:30:38.866666496,78.8,68.2,11.1,11.406666666666666,10.793333333333331,2022,5,0.9792375786386917,8.083333999999999,0.7869139483527834
2022-05-30 21:00:00,12.4,2022-05-30 16:30:39.833333248,79.16666666666667,68.43333333333334,7.913166666666666,8.252,7.574333333333333,2022,5,0.9792375786386917,6.15160010364722,0.7869139483527834
2022-05-30 22:00:00,12.1,2022-05-30 17:30:40.233333248,78.3,71.33333333333333,6.469666666666667,6.775666666666667,6.163666666666667,2022,5,0.9792375786386917,5.1790128525888885,0.7869139483527834
2022-05-30 23:00:00,11.6,2022-05-30 18:30:40.966666752,78.5,71.73333333333333,6.251333333333333,6.456333333333333,6.046333333333333,2022,5,0.9792375786386917,5.025523695422223,0.7869139483527834
2022-05-31 00:00:00,11.7,2022-05-30 19:30:41.900000000,78.16666666666667,74.23333333333333,5.296666666666667,5.472,5.121333333333333,2022,5,0.9792375786386917,4.350402358888887,0.7869139483527834
2022-05-31 01:00:00,13.1,2022-05-30 20:30:42.833333504,78.36666666666666,75.96666666666667,6.066999999999999,6.080666666666667,6.053333333333333,2022,5,0.9792375786386917,4.739729294366667,0.7869139483527834
2022-05-31 02:00:00,14.5,2022-05-30 21:30:43.133333248,76.8,84.73333333333333,6.9543333333333335,7.133,6.775666666666667,2022,5,0.9792375786386917,4.945543316855556,0.7869139483527834
2022-05-31 03:00:00,15.8,2022-05-30 22:30:43.866666496,72.23333333333333,98.93333333333334,7.147166666666666,7.589666666666667,6.704666666666666,2022,5,0.9792375786386917,4.573863594380555,0.7869139483527834
2022-05-31 04:00:00,16.5,2022-05-30 23:30:44.900000000,70.26666666666667,100.0,7.407666666666667,7.753333333333333,7.062,2022,5,0.9792375786386917,4.732407642188888,0.7869139483527834
2022-05-31 05:00:00,15.7,2022-05-31 00:30:45.866666752,69.46666666666667,100.0,8.3825,8.680333333333333,8.084666666666667,2022,5,0.9792375786386917,5.338617660625,0.7869139483527834
2022-05-31 06:00:00,15.3,2022-05-31 01:30:46.400000000,69.1,100.0,8.091666666666667,8.267666666666667,7.915666666666667,2022,5,0.9792375786386917,5.172064201388889,0.7869139483527834
2022-05-31 07:00:00,15.6,2022-05-31 02:30:46.966666496,70.76666666666667,100.0,7.4395,7.809,7.069999999999999,2022,5,0.9792375786386917,4.739913232825001,0.7869139483527834
2022-05-31 08:00:00,16.6,2022-05-31 03:30:47.900000000,70.06666666666666,100.0,7.343333333333334,7.79,6.8966666666666665,2022,5,0.9792375786386917,4.698269918888889,0.7869139483527834
2022-05-31 09:00:00,16.0,2022-05-31 04:30:48.900000000,70.2,100.0,7.517833333333333,7.963666666666667,7.072,2022,5,0.9792375786386917,4.800427022380556,0.7869139483527834
2022-05-31 10:00:00,16.8,2022-05-31 05:30:49.866666496,69.63333333333334,100.0,7.332,7.706333333333333,6.957666666666666,2022,5,0.9792375786386917,4.701570963200001,0.7869139483527834
2022-05-31 11:00:00,17.6,2022-05-31 06:30:50.666666752,69.56666666666666,100.0,9.541,9.804666666666666,9.277333333333331,2022,5,0.9792375786386917,6.032725633299999,0.7869139483527834
2022-05-31 12:00:00,16.6,2022-05-31 07:30:50.966666752,68.93333333333334,100.0,10.055833333333334,10.532333333333334,9.579333333333333,2022,5,0.9792375786386917,6.356441626180556,0.7869139483527834
2022-05-31 13:00:00,15.9,2022-05-31 08:30:51.999999744,68.66666666666667,100.0,8.101666666666667,8.516,7.687333333333333,2022,5,0.9792375786386917,5.188227948055556,0.7869139483527834
2022-05-31 14:00:00,16.2,2022-05-31 09:30:52.933333248,69.13333333333334,100.0,8.273666666666667,8.652333333333333,7.895,2022,5,0.9792375786386917,5.280894477922222,0.7869139483527834
2022-05-31 15:00:00,17.0,2022-05-31 10:30:54.066666752,69.9,99.8,8.329833333333333,8.796,7.863666666666666,2022,5,0.9792375786386917,5.305151728647222,0.7869139483527834
2022-05-31 16:00:00,16.1,2022-05-31 11:30:54.700000000,72.93333333333334,89.7,9.759,10.258666666666668,9.259333333333332,2022,5,0.9792375786386917,6.516359233299999,0.7869139483527834
2022-05-31 17:00:00,15.5,2022-05-31 12:30:55.866666752,74.13333333333334,87.8,6.988,7.677,6.299,2022,5,0.9792375786386917,4.899782979199999,0.7869139483527834
2022-05-31 18:00:00,15.5,2022-05-31 13:30:56.500000000,75.06666666666666,83.8,6.2175,6.909666666666666,5.525333333333333,2022,5,0.9792375786386917,4.579801810625,0.7869139483527834
2022-05-31 19:00:00,14.9,2022-05-31 14:30:57.366666752,75.26666666666667,80.13333333333334,6.093166666666667,6.667,5.519333333333334,2022,5,0.9792375786386917,4.653521972313889,0.7869139483527834
2022-05-31 20:00:00,15.3,2022-05-31 15:30:58.033333248,76.36666666666666,77.9,5.568833333333333,6.345666666666667,4.792,2022,5,0.9792375786386917,4.403850371713887,0.7869139483527834
2022-05-31 21:00:00,15.2,2022-05-31 16:30:58.933333504,76.16666666666667,76.2,5.672166666666667,6.305666666666666,5.038666666666667,2022,5,0.9792375786386917,4.54236397271389,0.7869139483527834
2022-05-31 22:00:00,15.4,2022-05-31 17:29:59.896551936,77.65517241379311,74.37931034482759,6.064655172413793,6.577931034482758,5.551379310344828,2022,5,0.9792375786386917,4.821469358278834,0.7869139483527834
2022-05-31 23:00:00,15.6,2022-05-31 18:29:00.866666752,77.93333333333334,71.2,6.178666666666667,6.531000000000001,5.826333333333333,2022,5,0.9792375786386917,5.017166374755554,0.7869139483527834
2022-06-01 00:00:00,15.6,2022-05-31 19:29:01.800000000,77.8,82.16666666666667,6.0925,6.430666666666666,5.754333333333333,2022,6,0.960322199154598,4.508641852291667,0.7869139483527834
2022-06-01 01:00:00,16.0,2022-05-31 20:29:02.000000000,77.26666666666667,85.23333333333333,6.4835,6.556666666666667,6.410333333333333,2022,6,0.960322199154598,4.629147077758334,0.7869139483527834
2022-06-01 02:00:00,16.7,2022-05-31 21:29:02.833333248,75.13333333333334,90.03333333333333,7.181166666666667,7.393666666666666,6.968666666666667,2022,6,0.960322199154598,4.899438720047223,0.7869139483527834
2022-06-01 03:00:00,17.2,2022-05-31 22:29:03.900000000,72.73333333333333,98.96666666666668,8.2635,8.702333333333334,7.824666666666667,2022,6,0.960322199154598,5.233829449091666,0.7869139483527834
2022-06-01 04:00:00,17.8,2022-05-31 23:29:04.800000256,71.06666666666666,100.0,8.351166666666666,8.666666666666666,8.035666666666666,2022,6,0.960322199154598,5.282315105713889,0.7869139483527834
2022-06-01 05:00:00,17.6,2022-06-01 00:29:05.066666752,70.2,100.0,8.3945,8.764000000000001,8.025,2022,6,0.960322199154598,5.328681253825001,0.7869139483527834
2022-06-01 06:00:00,16.9,2022-06-01 01:29:05.900000000,69.16666666666667,100.0,8.362166666666667,8.736666666666668,7.987666666666667,2022,6,0.960322199154598,5.333397223047222,0.7869139483527834
2022-06-01 07:00:00,17.7,2022-06-01 02:29:06.866666752,69.83333333333333,100.0,8.482833333333334,8.877333333333333,8.088333333333333,2022,6,0.960322199154598,5.390428722047221,0.7869139483527834
